{"stats":{"minecraft:mined":{"minecraft:dead_bush":1,"minecraft:sand":2},"minecraft:dropped":{"minecraft:wooden_pickaxe":1},"minecraft:custom":{"minecraft:jump":178,"minecraft:time_since_rest":11208,"minecraft:crouch_one_cm":142,"minecraft:leave_game":1,"minecraft:sprint_one_cm":18016,"minecraft:play_time":11208,"minecraft:time_since_death":11208,"minecraft:walk_one_cm":19661,"minecraft:sneak_time":141,"minecraft:total_world_time":11208,"minecraft:fall_one_cm":430,"minecraft:drop":1,"minecraft:fly_one_cm":37050},"minecraft:used":{"minecraft:wooden_pickaxe":1,"simpleplanes:plane":1,"minecraft:sand":2,"cgm:assault_rifle":13,"cgm:shotgun":1,"cgm:pistol":19},"minecraft:picked_up":{"minecraft:sand":2,"minecraft:wooden_pickaxe":1}},"DataVersion":2975}