{"stats":{"minecraft:killed":{"zombie_extreme:crawler":3,"minecraft:husk":24,"undead_revamp2:the_moonflower":5,"undead_revamp2:thesmoker":10,"undead_revamp2:bomber":1,"minecraft:zombie":52,"zombie_extreme:infected_police":3,"zombie_extreme:runner":9,"minecraft:villager":1,"minecraft:cow":2,"zombiemobs:zombie_bear":1},"minecraft:broken":{"minecraft:leather_chestplate":1},"minecraft:used":{"apocalypsenow:hand_axe":2,"minecraft:glass_bottle":1,"minecraft:wooden_pickaxe":50,"minecraft:sandstone":12,"farmersdelight:melon_juice":5,"minecraft:torch":8,"minecraft:golden_apple":1,"minecraft:dirt":1,"farmersdelight:flint_knife":4,"zombie_extreme:machete":203,"zombie_extreme:bandage":1,"apocalypsenow:gardening_axe":2,"minecraft:cyan_terracotta":6,"minecraft:bread":8,"minecraft:quartz_block":1,"apocalypsenow:construction_leggings":1,"apocalypsenow:red_bikers_helmet":1,"minecraft:potion":11,"minecraft:cooked_beef":1},"minecraft:dropped":{"quark:charcoal_block":1,"alexsmobs:maggot":2,"minecraft:glass_bottle":9,"minecraft:dark_oak_sapling":3,"minecraft:rotten_flesh":70,"minecraft:potato":3,"apocalypsenow:construction_leggings":1,"minecraft:cut_sandstone":1,"minecraft:potion":1,"minecraft:stone_pressure_plate":1,"minecraft:slime_ball":2,"minecraft:basalt":4,"tac:deagle_357":1,"firstaid:plaster":1,"tac:9mm_round":14,"another_furniture:black_stool":2,"minecraft:string":76,"minecraft:smooth_basalt":1,"minecraft:bone":112},"minecraft:custom":{"lootr:looted_stat":24,"minecraft:mob_kills":131,"minecraft:toilet_used":2,"minecraft:interact_with_crafting_table":1,"minecraft:stove_opened":3,"minecraft:damage_dealt_resisted":115,"minecraft:leave_game":3,"minecraft:time_since_death":5488,"minecraft:climb_one_cm":17249,"minecraft:time_since_rest":5548,"minecraft:sprint_one_cm":204298,"minecraft:damage_taken":2411,"minecraft:walk_one_cm":666019,"minecraft:fridge_opened":4,"minecraft:drop":30,"minecraft:damage_dealt":9044,"minecraft:chair_used":1,"minecraft:damage_dealt_absorbed":120,"minecraft:swim_one_cm":2355,"minecraft:fly_one_cm":72275,"minecraft:freezer_opened":4,"minecraft:player_kills":1,"minecraft:crouch_one_cm":2653,"minecraft:play_time":112294,"minecraft:deaths":4,"minecraft:sneak_time":614,"minecraft:walk_under_water_one_cm":8285,"minecraft:jump":778,"minecraft:walk_on_water_one_cm":18168,"minecraft:total_world_time":112294,"minecraft:fall_one_cm":12515},"minecraft:killed_by":{"zombie_extreme:runner":1,"undead_revamp2:thepregnant":1,"alexsmobs:bison":2},"minecraft:mined":{"minecraft:dark_oak_planks":2,"minecraft:gray_terracotta":2,"minecraft:cut_sandstone":1,"minecraft:stone_pressure_plate":1,"minecraft:quartz_block":2,"minecraft:cyan_terracotta":7,"minecraft:basalt":4,"minecraft:dark_oak_log":5,"minecraft:gray_stained_glass_pane":4,"minecraft:torch":1,"quark:charcoal_block":1,"minecraft:grass_block":3,"create:polished_cut_calcite_wall":2,"another_furniture:black_stool":3,"minecraft:tall_grass":2,"biomesoplenty:dead_grass":1,"minecraft:sandstone":12,"minecraft:wall_torch":1,"minecraft:spawner":12,"minecraft:grass":3,"minecraft:cobweb":6,"minecraft:smooth_basalt":1,"minecraft:oak_leaves":5,"minecraft:iron_trapdoor":1},"minecraft:picked_up":{"apocalypsenow:hand_axe":1,"tac:round45":34,"minecraft:leather_chestplate":1,"minecraft:cooked_beef":15,"minecraft:basalt":4,"minecraft:iron_trapdoor":1,"minecraft:cut_sandstone":1,"minecraft:leather":4,"minecraft:wooden_pickaxe":1,"minecraft:potato":6,"minecraft:potion":9,"firstaid:morphine":2,"farmersdelight:flint_knife":2,"minecraft:dirt":1,"minecraft:string":150,"minecraft:flint_and_steel":1,"tac:m1911":1,"another_furniture:black_stool":3,"minecraft:bone":184,"apocalypsenow:construction_leggings":1,"minecraft:apple":6,"minecraft:gray_terracotta":2,"minecraft:diamond_leggings":2,"minecraft:beef":19,"apocalypsenow:money":17,"minecraft:iron_ingot":5,"tac:deagle_357":1,"apocalypsenow:red_bikers_helmet":2,"minecraft:glass_bottle":6,"create:polished_cut_calcite_wall":2,"tac:9mm_round":19,"farmersdelight:kelp_roll_slice":3,"apocalypsenow:blue_football_armor_boots":2,"minecraft:golden_helmet":2,"minecraft:dark_oak_sapling":3,"firstaid:plaster":19,"minecraft:sandstone":12,"minecraft:smooth_basalt":1,"tac:colt_python":2,"chalk:yellow_chalk":1,"minecraft:torch":11,"sophisticatedbackpacks:backpack":2,"minecraft:carrot":4,"minecraft:dark_oak_log":68,"tac:b_magnum":21,"quark:charcoal_block":1,"minecraft:stone_pressure_plate":1,"apocalypsenow:coke":3,"minecraft:quartz_block":1,"apocalypsenow:porpsi":2,"minecraft:slime_ball":2,"minecraft:rotten_flesh":122,"minecraft:diamond":1,"zombie_extreme:bandage":1,"apocalypsenow:gardening_axe":2,"minecraft:cyan_terracotta":6,"minecraft:gold_ingot":7,"alexsmobs:maggot":2,"firstaid:bandage":6,"zombie_extreme:machete":2,"farmersdelight:melon_juice":7}},"DataVersion":2975}