{"stats":{"minecraft:killed":{"zombie_extreme:crawler":2,"minecraft:husk":27,"hordes:zombie_player":1,"minecraft:zombie_villager":2,"zombiemobs:zombie_mooshroom":2,"undead_revamp2:the_moonflower":8,"zombiemobs:zombie_chicken":1,"undead_revamp2:thesmoker":15,"crittersandcompanions:dragonfly":1,"minecraft:creeper":1,"minecraft:squid":1,"zombiemobs:zombie_panda":2,"minecraft:zombie":74,"alexsmobs:bison":5,"zombiemobs:zombie_wolf":2,"alexsmobs:fly":2,"minecraft:drowned":1,"undead_revamp2:thepregnant":1,"zombie_extreme:runner":10},"minecraft:crafted":{"minecraft:air":15,"minecraft:stick":4},"minecraft:broken":{"minecraft:leather_boots":1,"apocalypsenow:fire_figther_chestplate":1},"minecraft:used":{"cgm:pistol":19,"minecraft:wooden_pickaxe":1,"minecraft:iron_sword":2,"simplylight:illuminant_orange_block_on":17,"minecraft:torch":5,"farmersdelight:chicken_sandwich":1,"minecraft:dirt":5,"minecraft:sand":2,"minecraft:crafting_table":2,"zombie_extreme:machete":179,"minecraft:lingering_potion":48,"zombie_extreme:bandage":1,"apocalypsenow:coke":2,"minecraft:milk_bucket":2,"minecraft:creeper_spawn_egg":1,"minecraft:wooden_axe":2,"cgm:shotgun":1,"cgm:assault_rifle":13,"simpleplanes:plane":4,"minecraft:potion":16,"minecraft:cooked_beef":8,"apocalypsenow:mace":12},"minecraft:dropped":{"apocalypsenow:gardening_axe":1,"minecraft:cooked_beef":8,"tac:round45":25,"firstaid:morphine":2,"zombie_extreme:machete":1,"apocalypsenow:money":1,"sophisticatedbackpacks:backpack":2,"apocalypsenow:canned_tomatos":2,"tac:b_magnum":21,"minecraft:leather_helmet":1,"zombie_extreme:bandage":1,"firstaid:bandage":6,"farmersdelight:flint_knife":1,"tac:colt_python":1,"minecraft:potion":6,"tac:deagle_357":1,"minecraft:wooden_pickaxe":1,"tac:9mm_round":3,"firstaid:plaster":19},"minecraft:custom":{"lootr:looted_stat":19,"minecraft:mob_kills":161,"minecraft:toilet_used":1,"minecraft:interact_with_crafting_table":2,"minecraft:damage_dealt_resisted":132,"minecraft:leave_game":2,"minecraft:time_since_death":22570,"minecraft:climb_one_cm":14871,"minecraft:time_since_rest":22602,"minecraft:sprint_one_cm":258697,"minecraft:damage_taken":2901,"minecraft:walk_one_cm":512907,"minecraft:fridge_opened":1,"minecraft:drop":57,"minecraft:damage_dealt":10673,"minecraft:chair_used":1,"minecraft:damage_dealt_absorbed":80,"minecraft:swim_one_cm":2643,"minecraft:fly_one_cm":234864,"minecraft:freezer_opened":3,"minecraft:crouch_one_cm":1304,"minecraft:play_time":127212,"minecraft:deaths":1,"minecraft:sneak_time":538,"minecraft:walk_under_water_one_cm":1506,"minecraft:jump":1808,"minecraft:drawer_searched":2,"minecraft:walk_on_water_one_cm":28426,"minecraft:total_world_time":127212,"minecraft:fall_one_cm":25024},"minecraft:mined":{"minecraft:gray_stained_glass_pane":2,"minecraft:crafting_table":2,"minecraft:grass_block":3,"minecraft:dead_bush":1,"create:framed_glass":2,"quark:blossom_log":3,"minecraft:kelp":1,"rocks:acacia_stick":1,"minecraft:dirt":2,"minecraft:sand":2},"minecraft:killed_by":{"minecraft:player":1},"minecraft:picked_up":{"tac:round45":8,"minecraft:crafting_table":2,"minecraft:feather":1,"minecraft:wooden_pickaxe":1,"alexsmobs:bison_fur":2,"minecraft:gunpowder":1,"minecraft:string":110,"minecraft:dirt":7,"minecraft:bone":78,"apocalypsenow:construction_leggings":1,"minecraft:kelp":1,"minecraft:iron_ingot":1,"apocalypsenow:construction_boots":1,"apocalypsenow:money":1,"minecraft:beef":8,"tac:deagle_357":1,"minecraft:glass_bottle":8,"tac:9mm_round":28,"minecraft:iron_sword":1,"apocalypsenow:blue_football_armor_boots":1,"minecraft:dark_oak_sapling":3,"firstaid:plaster":1,"minecraft:stick":1,"sophisticatedbackpacks:backpack":1,"quark:blossom_log":3,"minecraft:sand":2,"minecraft:stone_button":1,"minecraft:quartz_block":1,"minecraft:rotten_flesh":95,"minecraft:slime_ball":4,"alexsmobs:maggot":3,"apocalypsenow:fire_figther_chestplate":1}},"DataVersion":2975}