{"stats":{"minecraft:killed_by":{"zombie_extreme:runner":1,"alexsmobs:bison":2,"minecraft:drowned":1,"zombie_extreme:infected_police":1,"undead_revamp2:thepregnant":1},"minecraft:dropped":{"apocalypsenow:human_flesh":1,"minecraft:cooked_beef":2,"minecraft:glass_bottle":20,"minecraft:dark_oak_sapling":3,"quark:gray_shard":6,"minecraft:cyan_terracotta":2,"tac:nato_556_bullet":4,"apocalypsenow:construction_leggings":1,"minecraft:cut_sandstone":1,"minecraft:potion":4,"another_furniture:black_stool":2,"minecraft:string":178,"minecraft:smooth_basalt":1,"minecraft:bone":172,"farmersdelight:melon_juice":3,"quark:charcoal_block":1,"apocalypsenow:red_motorcycle_helmet_helmet":1,"alexsmobs:maggot":3,"apocalypsenow:fire_figther_helmet":1,"apocalypsenow:small_can":5,"alexsmobs:tarantula_hawk_wing_fragment":1,"farmersdelight:kelp_roll_slice":3,"minecraft:rotten_flesh":169,"minecraft:carrot":2,"rocks:sandstone_splitter":1,"minecraft:potato":3,"cfm:oak_hedge":2,"minecraft:leather_boots":1,"tac:ae50":4,"minecraft:stone_pressure_plate":1,"apocalypsenow:coke":1,"minecraft:slime_ball":2,"minecraft:iron_bars":2,"minecraft:basalt":4,"tac:deagle_357":1,"tac:9mm_round":14,"firstaid:plaster":4,"apocalypsenow:blue_football_armor_boots":1},"minecraft:broken":{"minecraft:golden_helmet":1,"minecraft:leather_chestplate":1,"minecraft:wooden_pickaxe":1,"apocalypsenow:red_bikers_helmet":1},"minecraft:custom":{"lootr:looted_stat":36,"minecraft:mob_kills":257,"minecraft:interact_with_crafting_table":3,"minecraft:damage_dealt_resisted":688,"minecraft:leave_game":4,"minecraft:time_since_death":38978,"minecraft:climb_one_cm":29367,"minecraft:sprint_one_cm":422327,"minecraft:walk_one_cm":1108044,"minecraft:fridge_opened":5,"minecraft:drop":84,"minecraft:chair_used":1,"minecraft:damage_dealt_absorbed":190,"minecraft:play_time":181904,"minecraft:deaths":6,"minecraft:sneak_time":655,"minecraft:walk_under_water_one_cm":10354,"minecraft:jump":1439,"minecraft:walk_on_water_one_cm":29737,"minecraft:total_world_time":181904,"minecraft:toilet_used":2,"minecraft:stove_opened":3,"minecraft:time_since_rest":39008,"minecraft:open_enderchest":1,"minecraft:damage_taken":3602,"minecraft:damage_dealt":18640,"minecraft:swim_one_cm":5670,"minecraft:fly_one_cm":186339,"minecraft:freezer_opened":5,"minecraft:player_kills":1,"minecraft:crouch_one_cm":2653,"minecraft:fall_one_cm":20443},"minecraft:picked_up":{"apocalypsenow:hand_axe":1,"minecraft:iron_trapdoor":1,"minecraft:wooden_pickaxe":1,"minecraft:potion":9,"firstaid:morphine":2,"minecraft:string":256,"minecraft:flint_and_steel":1,"minecraft:diamond_leggings":2,"minecraft:beef":19,"farmersdelight:kelp_roll_slice":3,"minecraft:golden_helmet":2,"minecraft:dark_oak_sapling":3,"minecraft:sandstone":12,"tac:colt_python":2,"embellishcraft:smooth_marble":1,"minecraft:torch":17,"sophisticatedbackpacks:backpack":2,"rocks:sandstone_splitter":1,"minecraft:carrot":4,"tac:b_magnum":51,"quark:charcoal_block":1,"minecraft:stone_pressure_plate":1,"minecraft:quartz_block":1,"apocalypsenow:porpsi":2,"minecraft:rotten_flesh":225,"zombie_extreme:bandage":1,"apocalypsenow:gardening_axe":2,"minecraft:cyan_terracotta":10,"minecraft:gold_ingot":7,"zombie_extreme:machete":2,"firstaid:bandage":9,"farmersdelight:melon_juice":7,"minecraft:iron_bars":2,"tac:round45":56,"minecraft:leather_chestplate":1,"minecraft:basalt":4,"minecraft:cooked_beef":15,"minecraft:iron_door":3,"minecraft:leather":4,"minecraft:cut_sandstone":1,"minecraft:potato":7,"apocalypsenow:construction_chestplate":1,"farmersdelight:flint_knife":2,"minecraft:dirt":1,"tac:m1911":1,"minecraft:leather_boots":1,"another_furniture:black_stool":3,"minecraft:bone":288,"apocalypsenow:construction_leggings":2,"minecraft:apple":6,"minecraft:gray_terracotta":2,"apocalypsenow:human_flesh":1,"apocalypsenow:money":20,"tac:deagle_357":1,"minecraft:iron_ingot":6,"apocalypsenow:red_bikers_helmet":2,"apocalypsenow:fire_figther_helmet":1,"tac:9mm_round":31,"minecraft:glass_bottle":6,"create:polished_cut_calcite_wall":2,"apocalypsenow:blue_football_armor_boots":2,"firstaid:plaster":22,"minecraft:smooth_basalt":1,"chalk:yellow_chalk":1,"apocalypsenow:small_can":1,"minecraft:stone_brick_slab":1,"cfm:oak_hedge":2,"minecraft:dark_oak_log":68,"apocalypsenow:coke":3,"apocalypsenow:red_motorcycle_helmet_helmet":1,"minecraft:slime_ball":2,"minecraft:diamond":3,"alexsmobs:tarantula_hawk_wing_fragment":1,"minecraft:white_concrete":1,"alexsmobs:maggot":3,"quark:gray_shard":6,"apocalypsenow:construction_helmet":1},"minecraft:crafted":{"minecraft:air":18},"minecraft:killed":{"alexsmobs:tarantula_hawk":1,"undead_revamp2:thesmoker":18,"zombiemobs:zombie_sheep":1,"undead_revamp2:bomber":1,"alexsmobs:rattlesnake":1,"zombiemobs:zombie_dolphin":1,"undead_revamp2:thepregnant":1,"zombie_extreme:runner":19,"zombiemobs:zombie_bear":1,"zombie_extreme:crawler":4,"minecraft:husk":48,"zombiemobs:zombie_donkey":1,"minecraft:salmon":1,"undead_revamp2:the_moonflower":8,"minecraft:zombie":103,"zombie_extreme:infected_police":3,"alexsmobs:roadrunner":1,"alexsmobs:fly":2,"minecraft:villager":1,"minecraft:cow":2,"alexsmobs:jerboa":1},"minecraft:mined":{"minecraft:dark_oak_planks":2,"minecraft:stone_pressure_plate":1,"minecraft:dark_oak_log":5,"minecraft:gray_stained_glass_pane":5,"minecraft:grass_block":3,"create:polished_cut_calcite_wall":2,"minecraft:white_concrete":1,"biomesoplenty:dead_grass":1,"minecraft:sandstone":12,"minecraft:spawner":21,"minecraft:black_stained_glass_pane":2,"create:vertical_framed_glass":2,"minecraft:iron_bars":2,"create:dark_oak_window_pane":2,"minecraft:gray_terracotta":2,"minecraft:cut_sandstone":1,"minecraft:quartz_block":3,"minecraft:cyan_terracotta":11,"cfm:oak_hedge":2,"minecraft:basalt":4,"minecraft:stone_brick_slab":1,"quark:charcoal_block":1,"minecraft:torch":7,"minecraft:gray_stained_glass":2,"create:framed_glass":1,"another_furniture:black_stool":3,"minecraft:tall_grass":2,"minecraft:iron_door":4,"minecraft:wall_torch":2,"embellishcraft:smooth_marble":1,"minecraft:grass":3,"minecraft:cobweb":8,"minecraft:smooth_basalt":1,"minecraft:oak_leaves":6,"minecraft:iron_trapdoor":1},"minecraft:used":{"apocalypsenow:hand_axe":5,"farmersdelight:melon_juice":16,"minecraft:torch":17,"minecraft:dirt":1,"farmersdelight:flint_knife":4,"zombie_extreme:machete":414,"zombie_extreme:bandage":1,"minecraft:stone_brick_slab":1,"apocalypsenow:gardening_axe":2,"minecraft:cyan_terracotta":6,"minecraft:quartz_block":1,"minecraft:potato":2,"minecraft:cooked_beef":5,"minecraft:glass_bottle":1,"minecraft:wooden_pickaxe":51,"minecraft:sandstone":12,"minecraft:golden_apple":1,"minecraft:crafting_table":1,"apocalypsenow:coke":4,"minecraft:diamond_pickaxe":27,"minecraft:dark_oak_log":7,"minecraft:bread":8,"apocalypsenow:construction_leggings":1,"apocalypsenow:red_bikers_helmet":1,"minecraft:potion":11}},"DataVersion":2975}