{"stats":{"minecraft:killed_by":{"minecraft:player":1},"minecraft:dropped":{"apocalypsenow:gardening_axe":1,"minecraft:cooked_beef":8,"minecraft:diamond":2,"tac:round45":41,"firstaid:morphine":22,"zombie_extreme:machete":1,"sophisticatedbackpacks:backpack":3,"apocalypsenow:money":1,"farmersdelight:chicken_sandwich":1,"apocalypsenow:canned_tomatos":2,"tac:b_magnum":51,"minecraft:leather_helmet":1,"minecraft:golden_apple":2,"zombie_extreme:bandage":1,"firstaid:bandage":11,"farmersdelight:flint_knife":1,"apocalypsenow:machete":1,"minecraft:torch":32,"tac:colt_python":1,"tac:ae50":20,"minecraft:potion":13,"tac:timeless_50":1,"minecraft:wooden_pickaxe":1,"tac:deagle_357":1,"firstaid:plaster":41,"tac:9mm_round":3},"minecraft:broken":{"minecraft:leather_boots":1,"apocalypsenow:fire_figther_chestplate":1},"minecraft:custom":{"lootr:looted_stat":27,"minecraft:mob_kills":323,"minecraft:toilet_used":1,"minecraft:interact_with_crafting_table":4,"minecraft:stove_opened":1,"minecraft:damage_dealt_resisted":551,"minecraft:leave_game":3,"minecraft:time_since_death":90850,"minecraft:climb_one_cm":23457,"minecraft:time_since_rest":90882,"minecraft:sprint_one_cm":408683,"minecraft:damage_taken":4265,"minecraft:walk_one_cm":850825,"minecraft:fridge_opened":1,"minecraft:drop":101,"minecraft:damage_dealt":16219,"minecraft:chair_used":1,"minecraft:damage_dealt_absorbed":114,"minecraft:swim_one_cm":3489,"minecraft:fly_one_cm":450349,"minecraft:freezer_opened":3,"minecraft:player_kills":1,"minecraft:crouch_one_cm":1602,"minecraft:play_time":195492,"minecraft:sneak_time":714,"minecraft:deaths":1,"minecraft:walk_under_water_one_cm":2034,"minecraft:jump":3042,"minecraft:drawer_searched":2,"minecraft:walk_on_water_one_cm":31793,"minecraft:total_world_time":195492,"minecraft:fall_one_cm":35259},"minecraft:picked_up":{"apocalypsenow:u_sarmy_boots":1,"apocalypsenow:fire_figther_boots":1,"tac:round45":13,"minecraft:cooked_beef":2,"minecraft:crafting_table":2,"minecraft:feather":1,"minecraft:iron_door":1,"minecraft:wooden_pickaxe":1,"minecraft:potato":1,"alexsmobs:bison_fur":2,"minecraft:potion":1,"embellishcraft:polished_marble":4,"minecraft:gunpowder":1,"apocalypsenow:construction_chestplate":1,"minecraft:dirt":7,"minecraft:string":202,"minecraft:gray_terracotta":2,"minecraft:stone_bricks":1,"minecraft:bone":162,"apocalypsenow:construction_leggings":3,"minecraft:kelp":1,"apocalypsenow:human_flesh":2,"tac:nato_556_bullet":4,"tac:deagle_357":1,"apocalypsenow:construction_boots":3,"apocalypsenow:money":1,"minecraft:iron_ingot":1,"minecraft:beef":8,"apocalypsenow:fire_figther_helmet":2,"minecraft:glass_bottle":8,"tac:9mm_round":34,"tac:ae50":4,"minecraft:iron_sword":1,"apocalypsenow:blue_football_armor_boots":1,"minecraft:dark_oak_sapling":3,"firstaid:plaster":4,"minecraft:stick":1,"sophisticatedbackpacks:backpack":1,"quark:blossom_log":3,"minecraft:sand":2,"minecraft:stone_button":1,"apocalypsenow:forestguard_leggings":1,"minecraft:quartz_block":8,"minecraft:rotten_flesh":191,"minecraft:slime_ball":4,"alexsmobs:maggot":3,"quark:gray_shard":14,"nameless_trinkets:gills":1,"minecraft:iron_bars":1,"apocalypsenow:fire_figther_chestplate":1},"minecraft:crafted":{"minecraft:air":15,"minecraft:stick":4},"minecraft:killed":{"zombiemobs:zombie_horsee":1,"zombiemobs:zombie_pig":1,"zombie_extreme:crawler":6,"minecraft:husk":69,"hordes:zombie_player":1,"minecraft:zombie_villager":2,"zombiemobs:zombie_mooshroom":2,"zombiemobs:zombie_chicken":1,"undead_revamp2:the_moonflower":11,"zombiemobs:zombie_sheep":2,"undead_revamp2:thesmoker":23,"minecraft:creeper":1,"crittersandcompanions:dragonfly":1,"minecraft:squid":1,"zombiemobs:zombie_panda":2,"minecraft:zombie":149,"zombie_extreme:infected_police":1,"alexsmobs:bison":5,"zombiemobs:zombie_wolf":2,"alexsmobs:fly":2,"minecraft:drowned":3,"hordes:husk_player":1,"undead_revamp2:thepregnant":1,"zombie_extreme:runner":21},"minecraft:mined":{"minecraft:gray_terracotta":2,"minecraft:acacia_leaves":2,"minecraft:gray_stained_glass_pane":3,"minecraft:crafting_table":2,"minecraft:grass_block":3,"minecraft:gray_stained_glass":3,"create:framed_glass":2,"minecraft:dead_bush":1,"quark:blossom_log":3,"minecraft:kelp":1,"minecraft:black_stained_glass_pane":1,"rocks:acacia_stick":1,"minecraft:sand":2,"minecraft:dirt":2,"minecraft:stone_bricks":1},"minecraft:used":{"minecraft:cooked_mutton":3,"cgm:pistol":19,"minecraft:wooden_pickaxe":8,"minecraft:iron_sword":2,"zombie_extreme:electro_machete":74,"simplylight:illuminant_orange_block_on":17,"minecraft:torch":12,"farmersdelight:chicken_sandwich":2,"minecraft:sand":2,"minecraft:dirt":5,"minecraft:crafting_table":3,"zombie_extreme:machete":179,"zombie_extreme:bandage":1,"minecraft:lingering_potion":48,"apocalypsenow:coke":2,"minecraft:milk_bucket":2,"minecraft:creeper_spawn_egg":1,"minecraft:wooden_axe":2,"cgm:shotgun":1,"cgm:assault_rifle":13,"simpleplanes:plane":4,"minecraft:potion":33,"minecraft:potato":2,"minecraft:cooked_beef":13,"apocalypsenow:mace":12}},"DataVersion":2975}