{"stats":{"minecraft:killed_by":{"minecraft:player":1,"undead_revamp2:the_moonflower":1,"minecraft:zombie":1,"zombie_extreme:runner":1,"zombie_extreme:infected_police":1},"minecraft:dropped":{"apocalypsenow:red_motorcycle_helmet_helmet":1,"apocalypsenow:fire_figther_helmet":1,"apocalypsenow:small_can":1,"minecraft:glass_bottle":14,"minecraft:rotten_flesh":30,"sophisticatedbackpacks:backpack":1,"nameless_trinkets:gills":2,"quark:gray_shard":46,"minecraft:dirt":1,"minecraft:leather_chestplate":2,"minecraft:iron_trapdoor":1,"apocalypsenow:fire_figther_boots":2,"minecraft:potion":1,"minecraft:iron_bars":1,"apocalypsenow:forestguard_leggings":1,"minecraft:string":28,"minecraft:bone":24},"minecraft:broken":{"apocalypsenow:green_bikers_helmet":1},"minecraft:custom":{"minecraft:interact_with_furnace":5,"lootr:looted_stat":12,"minecraft:mob_kills":82,"minecraft:toilet_used":3,"minecraft:damage_dealt_resisted":57,"minecraft:leave_game":1,"minecraft:time_since_death":1341,"minecraft:climb_one_cm":13115,"minecraft:time_since_rest":1375,"minecraft:sprint_one_cm":172209,"minecraft:damage_taken":2706,"minecraft:walk_one_cm":295365,"minecraft:drop":32,"minecraft:damage_dealt":7020,"minecraft:swim_one_cm":2888,"minecraft:freezer_opened":2,"minecraft:fly_one_cm":318523,"minecraft:crouch_one_cm":3841,"minecraft:play_time":68383,"minecraft:deaths":5,"minecraft:sneak_time":3293,"minecraft:walk_under_water_one_cm":994,"minecraft:jump":1266,"minecraft:walk_on_water_one_cm":5840,"minecraft:total_world_time":68383,"minecraft:fall_one_cm":24089},"minecraft:picked_up":{"tac:round45":4,"minecraft:leather_chestplate":3,"minecraft:iron_trapdoor":2,"apocalypsenow:fire_figther_boots":2,"minecraft:wooden_pickaxe":1,"apocalypsenow:green_bikers_helmet":1,"minecraft:potion":12,"firstaid:morphine":36,"embellishcraft:polished_marble":4,"apocalypsenow:construction_chestplate":1,"farmersdelight:chicken_sandwich":1,"minecraft:string":60,"minecraft:dirt":1,"apocalypsenow:machete":2,"apocalypsenow:u_sarmy_leggings":1,"minecraft:bone":74,"minecraft:stone_bricks":1,"apocalypsenow:human_flesh":2,"apocalypsenow:fire_figther_helmet":1,"minecraft:glass_bottle":6,"tac:9mm_round":10,"tac:ae50":22,"apocalypsenow:blue_football_armor_boots":1,"firstaid:plaster":34,"embellishcraft:smooth_marble":5,"patchouli:guide_book":1,"chalk:red_chalk":1,"minecraft:torch":40,"sophisticatedbackpacks:backpack":3,"minecraft:sand":1,"chalk:blue_chalk":1,"apocalypsenow:fire_figther_leggings":1,"apocalypsenow:coke":1,"minecraft:quartz_block":1,"apocalypsenow:red_motorcycle_helmet_helmet":2,"minecraft:rotten_flesh":60,"tac:timeless_50":2,"minecraft:golden_apple":4,"minecraft:bread":3,"firstaid:bandage":2,"quark:gray_shard":46,"nameless_trinkets:gills":1,"farmersdelight:melon_juice":5,"minecraft:iron_bars":1},"minecraft:killed":{"zombie_extreme:crawler":1,"minecraft:husk":12,"undead_revamp2:the_moonflower":2,"undead_revamp2:thesmoker":4,"minecraft:zombie":48,"zombie_extreme:infected_police":1,"zombie_extreme:runner":5,"zombiemobs:zombie_bear":1},"minecraft:mined":{"minecraft:quartz_block":8,"minecraft:gray_stained_glass_pane":5,"biomesoplenty:bush":1,"minecraft:grass_block":1,"minecraft:gray_stained_glass":13,"embellishcraft:polished_marble":8,"minecraft:spawner":7,"minecraft:grass":1,"embellishcraft:smooth_marble":5,"create:vertical_framed_glass_pane":2,"minecraft:iron_bars":1,"minecraft:sand":1,"minecraft:stone_bricks":1,"minecraft:iron_trapdoor":1},"minecraft:used":{"apocalypsenow:red_motorcycle_helmet_helmet":1,"minecraft:glass_bottle":8,"apocalypsenow:blue_football_armor_boots":1,"minecraft:wooden_pickaxe":42,"minecraft:leather_chestplate":2,"farmersdelight:melon_juice":3,"minecraft:cookie":4,"minecraft:torch":6,"minecraft:golden_apple":3,"minecraft:sand":1,"farmersdelight:chicken_sandwich":1,"apocalypsenow:coke":1,"apocalypsenow:machete":228,"embellishcraft:smooth_marble":3,"minecraft:bread":8,"minecraft:stone_bricks":1,"minecraft:potion":22,"apocalypsenow:night_stick":5,"embellishcraft:polished_marble":4,"apocalypsenow:green_bikers_helmet":1}},"DataVersion":2975}